-- phpMyAdmin SQL Dump
-- version 5.2.2
-- https://www.phpmyadmin.net/
--
-- Host: localhost:3306
-- Generation Time: Apr 22, 2026 at 03:31 AM
-- Server version: 8.4.3
-- PHP Version: 8.3.28

SET SQL_MODE = "NO_AUTO_VALUE_ON_ZERO";
START TRANSACTION;
SET time_zone = "+00:00";


/*!40101 SET @OLD_CHARACTER_SET_CLIENT=@@CHARACTER_SET_CLIENT */;
/*!40101 SET @OLD_CHARACTER_SET_RESULTS=@@CHARACTER_SET_RESULTS */;
/*!40101 SET @OLD_COLLATION_CONNECTION=@@COLLATION_CONNECTION */;
/*!40101 SET NAMES utf8mb4 */;

--
-- Database: `news_logistax`
--

-- --------------------------------------------------------

--
-- Table structure for table `articles`
--

CREATE TABLE `articles` (
  `id` bigint UNSIGNED NOT NULL,
  `uuid` char(36) COLLATE utf8mb4_unicode_ci NOT NULL,
  `title` varchar(255) COLLATE utf8mb4_unicode_ci NOT NULL,
  `slug` varchar(255) COLLATE utf8mb4_unicode_ci NOT NULL,
  `subtitle` varchar(255) COLLATE utf8mb4_unicode_ci DEFAULT NULL,
  `excerpt` text COLLATE utf8mb4_unicode_ci NOT NULL,
  `body` longtext COLLATE utf8mb4_unicode_ci NOT NULL,
  `status` enum('draft','pending_review','approved','scheduled','published') COLLATE utf8mb4_unicode_ci NOT NULL DEFAULT 'draft',
  `content_type` enum('news','announcement','opinion','press_release') COLLATE utf8mb4_unicode_ci NOT NULL DEFAULT 'news',
  `category_id` bigint UNSIGNED NOT NULL,
  `author_id` bigint UNSIGNED NOT NULL,
  `editor_id` bigint UNSIGNED DEFAULT NULL,
  `featured_image_id` bigint UNSIGNED DEFAULT NULL,
  `publish_at` timestamp NULL DEFAULT NULL,
  `published_at` timestamp NULL DEFAULT NULL,
  `is_featured` tinyint(1) NOT NULL DEFAULT '0',
  `is_indexable` tinyint(1) NOT NULL DEFAULT '1',
  `meta_title` varchar(255) COLLATE utf8mb4_unicode_ci DEFAULT NULL,
  `meta_description` varchar(320) COLLATE utf8mb4_unicode_ci DEFAULT NULL,
  `og_title` varchar(255) COLLATE utf8mb4_unicode_ci DEFAULT NULL,
  `og_description` varchar(255) COLLATE utf8mb4_unicode_ci DEFAULT NULL,
  `canonical_url` varchar(255) COLLATE utf8mb4_unicode_ci DEFAULT NULL,
  `review_notes` text COLLATE utf8mb4_unicode_ci,
  `created_at` timestamp NULL DEFAULT NULL,
  `updated_at` timestamp NULL DEFAULT NULL,
  `deleted_at` timestamp NULL DEFAULT NULL
) ENGINE=InnoDB DEFAULT CHARSET=utf8mb4 COLLATE=utf8mb4_unicode_ci;

--
-- Dumping data for table `articles`
--

INSERT INTO `articles` (`id`, `uuid`, `title`, `slug`, `subtitle`, `excerpt`, `body`, `status`, `content_type`, `category_id`, `author_id`, `editor_id`, `featured_image_id`, `publish_at`, `published_at`, `is_featured`, `is_indexable`, `meta_title`, `meta_description`, `og_title`, `og_description`, `canonical_url`, `review_notes`, `created_at`, `updated_at`, `deleted_at`) VALUES
(1, '939b6496-0487-4293-818d-6c0423af2e0d', 'Pembaruan Tarif PPN Sektor Logistik 2026', 'pembaruan-tarif-ppn-sektor-logistik-2026', 'Ringkasan editorial untuk uji coba alur konten V1.', 'Artikel ini merangkum poin utama, implikasi praktis, dan langkah tindak lanjut untuk tim bisnis dan kepatuhan.', 'Paragraf 1: Konten simulasi untuk pengujian newsroom Logistax.\n\nParagraf 2: Fokus pembahasan mencakup konteks kebijakan, dampak operasional, dan rekomendasi implementasi.\n\nParagraf 3: Materi ini disediakan untuk kebutuhan demo internal pada lingkungan pengembangan.', 'published', 'news', 1, 1, 1, NULL, '2026-04-19 17:00:00', '2026-04-19 17:00:00', 1, 0, 'Pembaruan Tarif PPN Sektor Logistik 2026 | Logistax Demo', 'Konten demo untuk validasi tampilan dan alur editorial V1.', 'Pembaruan Tarif PPN Sektor Logistik 2026', 'Demo newsroom Logistax untuk pengujian lokal.', NULL, 'Generated by DemoNewsroomSeeder for local/dev testing only.', '2026-04-21 20:28:06', '2026-04-21 20:28:06', NULL),
(2, '362d77fd-6fcb-4e4b-862c-c6ed2d24967e', 'DJP Rilis Pedoman Kredit Pajak untuk UMKM Ekspor', 'djp-rilis-pedoman-kredit-pajak-untuk-umkm-ekspor', 'Ringkasan editorial untuk uji coba alur konten V1.', 'Artikel ini merangkum poin utama, implikasi praktis, dan langkah tindak lanjut untuk tim bisnis dan kepatuhan.', 'Paragraf 1: Konten simulasi untuk pengujian newsroom Logistax.\n\nParagraf 2: Fokus pembahasan mencakup konteks kebijakan, dampak operasional, dan rekomendasi implementasi.\n\nParagraf 3: Materi ini disediakan untuk kebutuhan demo internal pada lingkungan pengembangan.', 'published', 'announcement', 1, 1, 1, NULL, '2026-04-19 21:00:00', '2026-04-19 21:00:00', 0, 0, 'DJP Rilis Pedoman Kredit Pajak untuk UMKM Ekspor | Logistax Demo', 'Konten demo untuk validasi tampilan dan alur editorial V1.', 'DJP Rilis Pedoman Kredit Pajak untuk UMKM Ekspor', 'Demo newsroom Logistax untuk pengujian lokal.', NULL, 'Generated by DemoNewsroomSeeder for local/dev testing only.', '2026-04-21 20:28:06', '2026-04-21 20:28:06', NULL),
(3, 'c0b865a6-5228-4c75-9e26-24fd0835c401', 'Opini: Menyusun Tax Risk Register yang Relevan', 'opini-menyusun-tax-risk-register-yang-relevan', 'Ringkasan editorial untuk uji coba alur konten V1.', 'Artikel ini merangkum poin utama, implikasi praktis, dan langkah tindak lanjut untuk tim bisnis dan kepatuhan.', 'Paragraf 1: Konten simulasi untuk pengujian newsroom Logistax.\n\nParagraf 2: Fokus pembahasan mencakup konteks kebijakan, dampak operasional, dan rekomendasi implementasi.\n\nParagraf 3: Materi ini disediakan untuk kebutuhan demo internal pada lingkungan pengembangan.', 'published', 'opinion', 1, 1, 1, NULL, '2026-04-20 01:00:00', '2026-04-20 01:00:00', 0, 0, 'Opini: Menyusun Tax Risk Register yang Relevan | Logistax Demo', 'Konten demo untuk validasi tampilan dan alur editorial V1.', 'Opini: Menyusun Tax Risk Register yang Relevan', 'Demo newsroom Logistax untuk pengujian lokal.', NULL, 'Generated by DemoNewsroomSeeder for local/dev testing only.', '2026-04-21 20:28:06', '2026-04-21 20:28:06', NULL),
(4, '471d5d4a-3f1b-426e-b809-3e5f7f4d9610', 'Logistax Buka Klinik Kepatuhan Pajak Kuartal II', 'logistax-buka-klinik-kepatuhan-pajak-kuartal-ii', 'Ringkasan editorial untuk uji coba alur konten V1.', 'Artikel ini merangkum poin utama, implikasi praktis, dan langkah tindak lanjut untuk tim bisnis dan kepatuhan.', 'Paragraf 1: Konten simulasi untuk pengujian newsroom Logistax.\n\nParagraf 2: Fokus pembahasan mencakup konteks kebijakan, dampak operasional, dan rekomendasi implementasi.\n\nParagraf 3: Materi ini disediakan untuk kebutuhan demo internal pada lingkungan pengembangan.', 'published', 'press_release', 1, 1, 1, NULL, '2026-04-20 05:00:00', '2026-04-20 05:00:00', 0, 0, 'Logistax Buka Klinik Kepatuhan Pajak Kuartal II | Logistax Demo', 'Konten demo untuk validasi tampilan dan alur editorial V1.', 'Logistax Buka Klinik Kepatuhan Pajak Kuartal II', 'Demo newsroom Logistax untuk pengujian lokal.', NULL, 'Generated by DemoNewsroomSeeder for local/dev testing only.', '2026-04-21 20:28:06', '2026-04-21 20:28:06', NULL),
(5, 'cd79fcdb-36b2-45d9-837e-e407eda3d768', 'PSAK Terkini dan Dampaknya pada Pelaporan Grup Usaha', 'psak-terkini-dan-dampaknya-pada-pelaporan-grup-usaha', 'Ringkasan editorial untuk uji coba alur konten V1.', 'Artikel ini merangkum poin utama, implikasi praktis, dan langkah tindak lanjut untuk tim bisnis dan kepatuhan.', 'Paragraf 1: Konten simulasi untuk pengujian newsroom Logistax.\n\nParagraf 2: Fokus pembahasan mencakup konteks kebijakan, dampak operasional, dan rekomendasi implementasi.\n\nParagraf 3: Materi ini disediakan untuk kebutuhan demo internal pada lingkungan pengembangan.', 'published', 'news', 2, 1, 1, NULL, '2026-04-20 09:00:00', '2026-04-20 09:00:00', 0, 0, 'PSAK Terkini dan Dampaknya pada Pelaporan Grup Usaha | Logistax Demo', 'Konten demo untuk validasi tampilan dan alur editorial V1.', 'PSAK Terkini dan Dampaknya pada Pelaporan Grup Usaha', 'Demo newsroom Logistax untuk pengujian lokal.', NULL, 'Generated by DemoNewsroomSeeder for local/dev testing only.', '2026-04-21 20:28:06', '2026-04-21 20:28:06', NULL),
(6, '59bbf289-e894-4e56-bf8d-88e8fc46b27c', 'Pengumuman Jadwal Pelatihan Closing Bulanan 2026', 'pengumuman-jadwal-pelatihan-closing-bulanan-2026', 'Ringkasan editorial untuk uji coba alur konten V1.', 'Artikel ini merangkum poin utama, implikasi praktis, dan langkah tindak lanjut untuk tim bisnis dan kepatuhan.', 'Paragraf 1: Konten simulasi untuk pengujian newsroom Logistax.\n\nParagraf 2: Fokus pembahasan mencakup konteks kebijakan, dampak operasional, dan rekomendasi implementasi.\n\nParagraf 3: Materi ini disediakan untuk kebutuhan demo internal pada lingkungan pengembangan.', 'published', 'announcement', 2, 1, 1, NULL, '2026-04-20 13:00:00', '2026-04-20 13:00:00', 0, 0, 'Pengumuman Jadwal Pelatihan Closing Bulanan 2026 | Logistax Demo', 'Konten demo untuk validasi tampilan dan alur editorial V1.', 'Pengumuman Jadwal Pelatihan Closing Bulanan 2026', 'Demo newsroom Logistax untuk pengujian lokal.', NULL, 'Generated by DemoNewsroomSeeder for local/dev testing only.', '2026-04-21 20:28:06', '2026-04-21 20:28:06', NULL),
(7, 'b4dbe46a-a088-4766-94ee-940a4ab630d7', 'Opini: Checklist Kontrol Internal yang Sering Terlewat', 'opini-checklist-kontrol-internal-yang-sering-terlewat', 'Ringkasan editorial untuk uji coba alur konten V1.', 'Artikel ini merangkum poin utama, implikasi praktis, dan langkah tindak lanjut untuk tim bisnis dan kepatuhan.', 'Paragraf 1: Konten simulasi untuk pengujian newsroom Logistax.\n\nParagraf 2: Fokus pembahasan mencakup konteks kebijakan, dampak operasional, dan rekomendasi implementasi.\n\nParagraf 3: Materi ini disediakan untuk kebutuhan demo internal pada lingkungan pengembangan.', 'published', 'opinion', 2, 1, 1, NULL, '2026-04-20 17:00:00', '2026-04-20 17:00:00', 0, 0, 'Opini: Checklist Kontrol Internal yang Sering Terlewat | Logistax Demo', 'Konten demo untuk validasi tampilan dan alur editorial V1.', 'Opini: Checklist Kontrol Internal yang Sering Terlewat', 'Demo newsroom Logistax untuk pengujian lokal.', NULL, 'Generated by DemoNewsroomSeeder for local/dev testing only.', '2026-04-21 20:28:06', '2026-04-21 20:28:06', NULL),
(8, '686fae62-86f6-46cb-b6e0-a6941687d67d', 'Press Release: Kolaborasi Logistax dengan Komunitas CFO', 'press-release-kolaborasi-logistax-dengan-komunitas-cfo', 'Ringkasan editorial untuk uji coba alur konten V1.', 'Artikel ini merangkum poin utama, implikasi praktis, dan langkah tindak lanjut untuk tim bisnis dan kepatuhan.', 'Paragraf 1: Konten simulasi untuk pengujian newsroom Logistax.\n\nParagraf 2: Fokus pembahasan mencakup konteks kebijakan, dampak operasional, dan rekomendasi implementasi.\n\nParagraf 3: Materi ini disediakan untuk kebutuhan demo internal pada lingkungan pengembangan.', 'published', 'press_release', 2, 1, 1, NULL, '2026-04-20 21:00:00', '2026-04-20 21:00:00', 0, 0, 'Press Release: Kolaborasi Logistax dengan Komunitas CFO | Logistax Demo', 'Konten demo untuk validasi tampilan dan alur editorial V1.', 'Press Release: Kolaborasi Logistax dengan Komunitas CFO', 'Demo newsroom Logistax untuk pengujian lokal.', NULL, 'Generated by DemoNewsroomSeeder for local/dev testing only.', '2026-04-21 20:28:06', '2026-04-21 20:28:06', NULL),
(9, '22b8147e-20a0-44db-9079-09b896a5476a', 'Rangkuman Putusan Sengketa Kontrak Distribusi Semester I', 'rangkuman-putusan-sengketa-kontrak-distribusi-semester-i', 'Ringkasan editorial untuk uji coba alur konten V1.', 'Artikel ini merangkum poin utama, implikasi praktis, dan langkah tindak lanjut untuk tim bisnis dan kepatuhan.', 'Paragraf 1: Konten simulasi untuk pengujian newsroom Logistax.\n\nParagraf 2: Fokus pembahasan mencakup konteks kebijakan, dampak operasional, dan rekomendasi implementasi.\n\nParagraf 3: Materi ini disediakan untuk kebutuhan demo internal pada lingkungan pengembangan.', 'published', 'news', 3, 1, 1, NULL, '2026-04-21 01:00:00', '2026-04-21 01:00:00', 0, 0, 'Rangkuman Putusan Sengketa Kontrak Distribusi Semester I | Logistax Demo', 'Konten demo untuk validasi tampilan dan alur editorial V1.', 'Rangkuman Putusan Sengketa Kontrak Distribusi Semester I', 'Demo newsroom Logistax untuk pengujian lokal.', NULL, 'Generated by DemoNewsroomSeeder for local/dev testing only.', '2026-04-21 20:28:06', '2026-04-21 20:28:06', NULL),
(10, 'b3fea337-2230-4239-b58b-e9974b1d44ec', 'Pengumuman Layanan Konsultasi Legal Desk', 'pengumuman-layanan-konsultasi-legal-desk', 'Ringkasan editorial untuk uji coba alur konten V1.', 'Artikel ini merangkum poin utama, implikasi praktis, dan langkah tindak lanjut untuk tim bisnis dan kepatuhan.', 'Paragraf 1: Konten simulasi untuk pengujian newsroom Logistax.\n\nParagraf 2: Fokus pembahasan mencakup konteks kebijakan, dampak operasional, dan rekomendasi implementasi.\n\nParagraf 3: Materi ini disediakan untuk kebutuhan demo internal pada lingkungan pengembangan.', 'published', 'announcement', 3, 1, 1, NULL, '2026-04-21 05:00:00', '2026-04-21 05:00:00', 0, 0, 'Pengumuman Layanan Konsultasi Legal Desk | Logistax Demo', 'Konten demo untuk validasi tampilan dan alur editorial V1.', 'Pengumuman Layanan Konsultasi Legal Desk', 'Demo newsroom Logistax untuk pengujian lokal.', NULL, 'Generated by DemoNewsroomSeeder for local/dev testing only.', '2026-04-21 20:28:06', '2026-04-21 20:28:06', NULL),
(11, '6b5b2482-9fc2-49a5-8e65-e34ef5104181', 'Opini: Klausul Force Majeure di Era Disrupsi Rantai Pasok', 'opini-klausul-force-majeure-di-era-disrupsi-rantai-pasok', 'Ringkasan editorial untuk uji coba alur konten V1.', 'Artikel ini merangkum poin utama, implikasi praktis, dan langkah tindak lanjut untuk tim bisnis dan kepatuhan.', 'Paragraf 1: Konten simulasi untuk pengujian newsroom Logistax.\n\nParagraf 2: Fokus pembahasan mencakup konteks kebijakan, dampak operasional, dan rekomendasi implementasi.\n\nParagraf 3: Materi ini disediakan untuk kebutuhan demo internal pada lingkungan pengembangan.', 'published', 'opinion', 3, 1, 1, NULL, '2026-04-21 09:00:00', '2026-04-21 09:00:00', 0, 0, 'Opini: Klausul Force Majeure di Era Disrupsi Rantai Pasok | Logistax Demo', 'Konten demo untuk validasi tampilan dan alur editorial V1.', 'Opini: Klausul Force Majeure di Era Disrupsi Rantai Pasok', 'Demo newsroom Logistax untuk pengujian lokal.', NULL, 'Generated by DemoNewsroomSeeder for local/dev testing only.', '2026-04-21 20:28:06', '2026-04-21 20:28:06', NULL),
(12, '5b87ef58-a7e3-4374-8a24-ae4dd1eef38c', 'Press Release: Logistax Perluas Dukungan Due Diligence', 'press-release-logistax-perluas-dukungan-due-diligence', 'Ringkasan editorial untuk uji coba alur konten V1.', 'Artikel ini merangkum poin utama, implikasi praktis, dan langkah tindak lanjut untuk tim bisnis dan kepatuhan.', 'Paragraf 1: Konten simulasi untuk pengujian newsroom Logistax.\n\nParagraf 2: Fokus pembahasan mencakup konteks kebijakan, dampak operasional, dan rekomendasi implementasi.\n\nParagraf 3: Materi ini disediakan untuk kebutuhan demo internal pada lingkungan pengembangan.', 'published', 'press_release', 3, 1, 1, NULL, '2026-04-21 13:00:00', '2026-04-21 13:00:00', 0, 0, 'Press Release: Logistax Perluas Dukungan Due Diligence | Logistax Demo', 'Konten demo untuk validasi tampilan dan alur editorial V1.', 'Press Release: Logistax Perluas Dukungan Due Diligence', 'Demo newsroom Logistax untuk pengujian lokal.', NULL, 'Generated by DemoNewsroomSeeder for local/dev testing only.', '2026-04-21 20:28:06', '2026-04-21 20:28:06', NULL),
(13, '38237de4-5ff1-4582-8387-90f6bae9d2d5', 'Strategi Integrasi Data Pajak dan Akuntansi Tahunan', 'strategi-integrasi-data-pajak-dan-akuntansi-tahunan', 'Ringkasan editorial untuk uji coba alur konten V1.', 'Artikel ini merangkum poin utama, implikasi praktis, dan langkah tindak lanjut untuk tim bisnis dan kepatuhan.', 'Paragraf 1: Konten simulasi untuk pengujian newsroom Logistax.\n\nParagraf 2: Fokus pembahasan mencakup konteks kebijakan, dampak operasional, dan rekomendasi implementasi.\n\nParagraf 3: Materi ini disediakan untuk kebutuhan demo internal pada lingkungan pengembangan.', 'published', 'news', 2, 1, 1, NULL, '2026-04-21 17:00:00', '2026-04-21 17:00:00', 0, 0, 'Strategi Integrasi Data Pajak dan Akuntansi Tahunan | Logistax Demo', 'Konten demo untuk validasi tampilan dan alur editorial V1.', 'Strategi Integrasi Data Pajak dan Akuntansi Tahunan', 'Demo newsroom Logistax untuk pengujian lokal.', NULL, 'Generated by DemoNewsroomSeeder for local/dev testing only.', '2026-04-21 20:28:07', '2026-04-21 20:28:07', NULL),
(14, '429a73cc-a41c-4e8f-9e5d-3e2a0da12916', 'Analisis Aturan Dokumentasi Transfer Pricing Terbaru', 'analisis-aturan-dokumentasi-transfer-pricing-terbaru', 'Ringkasan editorial untuk uji coba alur konten V1.', 'Artikel ini merangkum poin utama, implikasi praktis, dan langkah tindak lanjut untuk tim bisnis dan kepatuhan.', 'Paragraf 1: Konten simulasi untuk pengujian newsroom Logistax.\n\nParagraf 2: Fokus pembahasan mencakup konteks kebijakan, dampak operasional, dan rekomendasi implementasi.\n\nParagraf 3: Materi ini disediakan untuk kebutuhan demo internal pada lingkungan pengembangan.', 'published', 'news', 1, 1, 1, NULL, '2026-04-21 21:00:00', '2026-04-21 21:00:00', 0, 0, 'Analisis Aturan Dokumentasi Transfer Pricing Terbaru | Logistax Demo', 'Konten demo untuk validasi tampilan dan alur editorial V1.', 'Analisis Aturan Dokumentasi Transfer Pricing Terbaru', 'Demo newsroom Logistax untuk pengujian lokal.', NULL, 'Generated by DemoNewsroomSeeder for local/dev testing only.', '2026-04-21 20:28:07', '2026-04-21 20:28:07', NULL),
(15, '3cff1e96-11ee-4320-adba-3e1edadabf6d', 'Praktik Terbaik Penyusunan Kontrak Vendor Regional', 'praktik-terbaik-penyusunan-kontrak-vendor-regional', 'Ringkasan editorial untuk uji coba alur konten V1.', 'Artikel ini merangkum poin utama, implikasi praktis, dan langkah tindak lanjut untuk tim bisnis dan kepatuhan.', 'Paragraf 1: Konten simulasi untuk pengujian newsroom Logistax.\n\nParagraf 2: Fokus pembahasan mencakup konteks kebijakan, dampak operasional, dan rekomendasi implementasi.\n\nParagraf 3: Materi ini disediakan untuk kebutuhan demo internal pada lingkungan pengembangan.', 'published', 'news', 3, 1, 1, NULL, '2026-04-22 01:00:00', '2026-04-22 01:00:00', 0, 0, 'Praktik Terbaik Penyusunan Kontrak Vendor Regional | Logistax Demo', 'Konten demo untuk validasi tampilan dan alur editorial V1.', 'Praktik Terbaik Penyusunan Kontrak Vendor Regional', 'Demo newsroom Logistax untuk pengujian lokal.', NULL, 'Generated by DemoNewsroomSeeder for local/dev testing only.', '2026-04-21 20:28:07', '2026-04-21 20:28:07', NULL),
(16, '2e4ad082-b5b4-491a-9da2-604875e9c5e2', 'Panduan Editorial: Menilai Risiko Kepatuhan Lintas Fungsi', 'panduan-editorial-menilai-risiko-kepatuhan-lintas-fungsi', 'Ringkasan editorial untuk uji coba alur konten V1.', 'Artikel ini merangkum poin utama, implikasi praktis, dan langkah tindak lanjut untuk tim bisnis dan kepatuhan.', 'Paragraf 1: Konten simulasi untuk pengujian newsroom Logistax.\n\nParagraf 2: Fokus pembahasan mencakup konteks kebijakan, dampak operasional, dan rekomendasi implementasi.\n\nParagraf 3: Materi ini disediakan untuk kebutuhan demo internal pada lingkungan pengembangan.', 'published', 'opinion', 1, 1, 1, NULL, '2026-04-22 05:00:00', '2026-04-22 05:00:00', 0, 0, 'Panduan Editorial: Menilai Risiko Kepatuhan Lintas Fungsi | Logistax Demo', 'Konten demo untuk validasi tampilan dan alur editorial V1.', 'Panduan Editorial: Menilai Risiko Kepatuhan Lintas Fungsi', 'Demo newsroom Logistax untuk pengujian lokal.', NULL, 'Generated by DemoNewsroomSeeder for local/dev testing only.', '2026-04-21 20:28:07', '2026-04-21 20:28:07', NULL);

-- --------------------------------------------------------

--
-- Table structure for table `article_tag`
--

CREATE TABLE `article_tag` (
  `article_id` bigint UNSIGNED NOT NULL,
  `tag_id` bigint UNSIGNED NOT NULL
) ENGINE=InnoDB DEFAULT CHARSET=utf8mb4 COLLATE=utf8mb4_unicode_ci;

-- --------------------------------------------------------

--
-- Table structure for table `article_workflow_logs`
--

CREATE TABLE `article_workflow_logs` (
  `id` bigint UNSIGNED NOT NULL,
  `article_id` bigint UNSIGNED NOT NULL,
  `from_status` varchar(255) COLLATE utf8mb4_unicode_ci DEFAULT NULL,
  `to_status` varchar(255) COLLATE utf8mb4_unicode_ci NOT NULL,
  `acted_by` bigint UNSIGNED NOT NULL,
  `note` text COLLATE utf8mb4_unicode_ci,
  `created_at` timestamp NOT NULL DEFAULT CURRENT_TIMESTAMP
) ENGINE=InnoDB DEFAULT CHARSET=utf8mb4 COLLATE=utf8mb4_unicode_ci;

-- --------------------------------------------------------

--
-- Table structure for table `audit_logs`
--

CREATE TABLE `audit_logs` (
  `id` bigint UNSIGNED NOT NULL,
  `user_id` bigint UNSIGNED DEFAULT NULL,
  `event` varchar(255) COLLATE utf8mb4_unicode_ci NOT NULL,
  `subject_type` varchar(255) COLLATE utf8mb4_unicode_ci DEFAULT NULL,
  `subject_id` bigint UNSIGNED DEFAULT NULL,
  `properties` json DEFAULT NULL,
  `created_at` timestamp NOT NULL DEFAULT CURRENT_TIMESTAMP
) ENGINE=InnoDB DEFAULT CHARSET=utf8mb4 COLLATE=utf8mb4_unicode_ci;

-- --------------------------------------------------------

--
-- Table structure for table `cache`
--

CREATE TABLE `cache` (
  `key` varchar(255) COLLATE utf8mb4_unicode_ci NOT NULL,
  `value` mediumtext COLLATE utf8mb4_unicode_ci NOT NULL,
  `expiration` bigint NOT NULL
) ENGINE=InnoDB DEFAULT CHARSET=utf8mb4 COLLATE=utf8mb4_unicode_ci;

-- --------------------------------------------------------

--
-- Table structure for table `cache_locks`
--

CREATE TABLE `cache_locks` (
  `key` varchar(255) COLLATE utf8mb4_unicode_ci NOT NULL,
  `owner` varchar(255) COLLATE utf8mb4_unicode_ci NOT NULL,
  `expiration` bigint NOT NULL
) ENGINE=InnoDB DEFAULT CHARSET=utf8mb4 COLLATE=utf8mb4_unicode_ci;

-- --------------------------------------------------------

--
-- Table structure for table `categories`
--

CREATE TABLE `categories` (
  `id` bigint UNSIGNED NOT NULL,
  `name` varchar(255) COLLATE utf8mb4_unicode_ci NOT NULL,
  `slug` varchar(255) COLLATE utf8mb4_unicode_ci NOT NULL,
  `description` text COLLATE utf8mb4_unicode_ci,
  `is_active` tinyint(1) NOT NULL DEFAULT '1',
  `sort_order` int NOT NULL DEFAULT '0',
  `created_at` timestamp NULL DEFAULT NULL,
  `updated_at` timestamp NULL DEFAULT NULL
) ENGINE=InnoDB DEFAULT CHARSET=utf8mb4 COLLATE=utf8mb4_unicode_ci;

--
-- Dumping data for table `categories`
--

INSERT INTO `categories` (`id`, `name`, `slug`, `description`, `is_active`, `sort_order`, `created_at`, `updated_at`) VALUES
(1, 'Pajak', 'pajak', 'Kanal pembaruan regulasi perpajakan, kepatuhan, dan panduan implementasi.', 1, 1, '2026-04-21 20:28:06', '2026-04-21 20:28:06'),
(2, 'Akuntansi', 'akuntansi', 'Kanal standar pelaporan keuangan, audit, dan praktik akuntansi korporasi.', 1, 2, '2026-04-21 20:28:06', '2026-04-21 20:28:06'),
(3, 'Hukum', 'hukum', 'Kanal perkembangan hukum bisnis, kontrak, dan kepatuhan korporasi.', 1, 3, '2026-04-21 20:28:06', '2026-04-21 20:28:06');

-- --------------------------------------------------------

--
-- Table structure for table `media`
--

CREATE TABLE `media` (
  `id` bigint UNSIGNED NOT NULL,
  `disk` varchar(255) COLLATE utf8mb4_unicode_ci NOT NULL DEFAULT 'public',
  `path` varchar(255) COLLATE utf8mb4_unicode_ci NOT NULL,
  `filename` varchar(255) COLLATE utf8mb4_unicode_ci NOT NULL,
  `mime_type` varchar(255) COLLATE utf8mb4_unicode_ci NOT NULL,
  `size_bytes` bigint UNSIGNED NOT NULL,
  `alt_text` varchar(255) COLLATE utf8mb4_unicode_ci DEFAULT NULL,
  `caption` text COLLATE utf8mb4_unicode_ci,
  `credit` varchar(255) COLLATE utf8mb4_unicode_ci DEFAULT NULL,
  `uploaded_by` bigint UNSIGNED DEFAULT NULL,
  `created_at` timestamp NULL DEFAULT NULL,
  `updated_at` timestamp NULL DEFAULT NULL
) ENGINE=InnoDB DEFAULT CHARSET=utf8mb4 COLLATE=utf8mb4_unicode_ci;

-- --------------------------------------------------------

--
-- Table structure for table `migrations`
--

CREATE TABLE `migrations` (
  `id` int UNSIGNED NOT NULL,
  `migration` varchar(255) COLLATE utf8mb4_unicode_ci NOT NULL,
  `batch` int NOT NULL
) ENGINE=InnoDB DEFAULT CHARSET=utf8mb4 COLLATE=utf8mb4_unicode_ci;

--
-- Dumping data for table `migrations`
--

INSERT INTO `migrations` (`id`, `migration`, `batch`) VALUES
(1, '2026_04_20_000001_create_users_table', 1),
(2, '2026_04_20_000002_create_permission_tables', 1),
(3, '2026_04_20_000003_create_categories_table', 1),
(4, '2026_04_20_000004_create_tags_table', 1),
(5, '2026_04_20_000005_create_media_table', 1),
(6, '2026_04_20_000006_create_articles_table', 1),
(7, '2026_04_20_000007_create_article_tag_table', 1),
(8, '2026_04_20_000008_create_pages_table', 1),
(9, '2026_04_20_000009_create_article_workflow_logs_table', 1),
(10, '2026_04_20_000010_create_audit_logs_table', 1),
(11, '2026_04_20_000011_create_settings_table', 1),
(12, '2026_04_20_120926_create_cache_table', 1),
(13, '2026_04_20_121411_create_sessions_table', 1);

-- --------------------------------------------------------

--
-- Table structure for table `model_has_permissions`
--

CREATE TABLE `model_has_permissions` (
  `permission_id` bigint UNSIGNED NOT NULL,
  `model_type` varchar(255) COLLATE utf8mb4_unicode_ci NOT NULL,
  `model_id` bigint UNSIGNED NOT NULL
) ENGINE=InnoDB DEFAULT CHARSET=utf8mb4 COLLATE=utf8mb4_unicode_ci;

-- --------------------------------------------------------

--
-- Table structure for table `model_has_roles`
--

CREATE TABLE `model_has_roles` (
  `role_id` bigint UNSIGNED NOT NULL,
  `model_type` varchar(255) COLLATE utf8mb4_unicode_ci NOT NULL,
  `model_id` bigint UNSIGNED NOT NULL
) ENGINE=InnoDB DEFAULT CHARSET=utf8mb4 COLLATE=utf8mb4_unicode_ci;

--
-- Dumping data for table `model_has_roles`
--

INSERT INTO `model_has_roles` (`role_id`, `model_type`, `model_id`) VALUES
(1, 'App\\Models\\User', 2);

-- --------------------------------------------------------

--
-- Table structure for table `pages`
--

CREATE TABLE `pages` (
  `id` bigint UNSIGNED NOT NULL,
  `title` varchar(255) COLLATE utf8mb4_unicode_ci NOT NULL,
  `slug` varchar(255) COLLATE utf8mb4_unicode_ci NOT NULL,
  `body` longtext COLLATE utf8mb4_unicode_ci NOT NULL,
  `status` enum('draft','published') COLLATE utf8mb4_unicode_ci NOT NULL DEFAULT 'draft',
  `published_at` timestamp NULL DEFAULT NULL,
  `meta_title` varchar(255) COLLATE utf8mb4_unicode_ci DEFAULT NULL,
  `meta_description` varchar(320) COLLATE utf8mb4_unicode_ci DEFAULT NULL,
  `created_at` timestamp NULL DEFAULT NULL,
  `updated_at` timestamp NULL DEFAULT NULL
) ENGINE=InnoDB DEFAULT CHARSET=utf8mb4 COLLATE=utf8mb4_unicode_ci;

--
-- Dumping data for table `pages`
--

INSERT INTO `pages` (`id`, `title`, `slug`, `body`, `status`, `published_at`, `meta_title`, `meta_description`, `created_at`, `updated_at`) VALUES
(1, 'About', 'about', '<p>Update this page content from admin panel.</p>', 'published', '2026-04-21 20:28:05', 'About - Logistax News', 'About page for Logistax News.', '2026-04-21 20:28:05', '2026-04-21 20:28:05'),
(2, 'Contact', 'contact', '<p>Update this page content from admin panel.</p>', 'published', '2026-04-21 20:28:05', 'Contact - Logistax News', 'Contact page for Logistax News.', '2026-04-21 20:28:05', '2026-04-21 20:28:05'),
(3, 'Editorial Policy', 'editorial-policy', '<p>Update this page content from admin panel.</p>', 'published', '2026-04-21 20:28:06', 'Editorial Policy - Logistax News', 'Editorial Policy page for Logistax News.', '2026-04-21 20:28:06', '2026-04-21 20:28:06'),
(4, 'Privacy Policy', 'privacy-policy', '<p>Update this page content from admin panel.</p>', 'published', '2026-04-21 20:28:06', 'Privacy Policy - Logistax News', 'Privacy Policy page for Logistax News.', '2026-04-21 20:28:06', '2026-04-21 20:28:06');

-- --------------------------------------------------------

--
-- Table structure for table `permissions`
--

CREATE TABLE `permissions` (
  `id` bigint UNSIGNED NOT NULL,
  `name` varchar(255) COLLATE utf8mb4_unicode_ci NOT NULL,
  `guard_name` varchar(255) COLLATE utf8mb4_unicode_ci NOT NULL,
  `created_at` timestamp NULL DEFAULT NULL,
  `updated_at` timestamp NULL DEFAULT NULL
) ENGINE=InnoDB DEFAULT CHARSET=utf8mb4 COLLATE=utf8mb4_unicode_ci;

--
-- Dumping data for table `permissions`
--

INSERT INTO `permissions` (`id`, `name`, `guard_name`, `created_at`, `updated_at`) VALUES
(1, 'articles.view', 'web', '2026-04-21 20:28:05', '2026-04-21 20:28:05'),
(2, 'articles.create', 'web', '2026-04-21 20:28:05', '2026-04-21 20:28:05'),
(3, 'articles.edit', 'web', '2026-04-21 20:28:05', '2026-04-21 20:28:05'),
(4, 'articles.delete', 'web', '2026-04-21 20:28:05', '2026-04-21 20:28:05'),
(5, 'articles.submit-review', 'web', '2026-04-21 20:28:05', '2026-04-21 20:28:05'),
(6, 'articles.approve', 'web', '2026-04-21 20:28:05', '2026-04-21 20:28:05'),
(7, 'articles.publish', 'web', '2026-04-21 20:28:05', '2026-04-21 20:28:05'),
(8, 'categories.manage', 'web', '2026-04-21 20:28:05', '2026-04-21 20:28:05'),
(9, 'tags.manage', 'web', '2026-04-21 20:28:05', '2026-04-21 20:28:05'),
(10, 'media.manage', 'web', '2026-04-21 20:28:05', '2026-04-21 20:28:05'),
(11, 'pages.manage', 'web', '2026-04-21 20:28:05', '2026-04-21 20:28:05'),
(12, 'users.manage', 'web', '2026-04-21 20:28:05', '2026-04-21 20:28:05'),
(13, 'settings.manage', 'web', '2026-04-21 20:28:05', '2026-04-21 20:28:05');

-- --------------------------------------------------------

--
-- Table structure for table `roles`
--

CREATE TABLE `roles` (
  `id` bigint UNSIGNED NOT NULL,
  `name` varchar(255) COLLATE utf8mb4_unicode_ci NOT NULL,
  `guard_name` varchar(255) COLLATE utf8mb4_unicode_ci NOT NULL,
  `created_at` timestamp NULL DEFAULT NULL,
  `updated_at` timestamp NULL DEFAULT NULL
) ENGINE=InnoDB DEFAULT CHARSET=utf8mb4 COLLATE=utf8mb4_unicode_ci;

--
-- Dumping data for table `roles`
--

INSERT INTO `roles` (`id`, `name`, `guard_name`, `created_at`, `updated_at`) VALUES
(1, 'Super Admin', 'web', '2026-04-21 20:28:05', '2026-04-21 20:28:05'),
(2, 'Editor', 'web', '2026-04-21 20:28:05', '2026-04-21 20:28:05'),
(3, 'Author', 'web', '2026-04-21 20:28:05', '2026-04-21 20:28:05');

-- --------------------------------------------------------

--
-- Table structure for table `role_has_permissions`
--

CREATE TABLE `role_has_permissions` (
  `permission_id` bigint UNSIGNED NOT NULL,
  `role_id` bigint UNSIGNED NOT NULL
) ENGINE=InnoDB DEFAULT CHARSET=utf8mb4 COLLATE=utf8mb4_unicode_ci;

--
-- Dumping data for table `role_has_permissions`
--

INSERT INTO `role_has_permissions` (`permission_id`, `role_id`) VALUES
(1, 1),
(2, 1),
(3, 1),
(4, 1),
(5, 1),
(6, 1),
(7, 1),
(8, 1),
(9, 1),
(10, 1),
(11, 1),
(12, 1),
(13, 1),
(1, 2),
(2, 2),
(3, 2),
(4, 2),
(5, 2),
(6, 2),
(7, 2),
(8, 2),
(9, 2),
(10, 2),
(11, 2),
(1, 3),
(2, 3),
(3, 3),
(5, 3);

-- --------------------------------------------------------

--
-- Table structure for table `sessions`
--

CREATE TABLE `sessions` (
  `id` varchar(255) COLLATE utf8mb4_unicode_ci NOT NULL,
  `user_id` bigint UNSIGNED DEFAULT NULL,
  `ip_address` varchar(45) COLLATE utf8mb4_unicode_ci DEFAULT NULL,
  `user_agent` text COLLATE utf8mb4_unicode_ci,
  `payload` longtext COLLATE utf8mb4_unicode_ci NOT NULL,
  `last_activity` int NOT NULL
) ENGINE=InnoDB DEFAULT CHARSET=utf8mb4 COLLATE=utf8mb4_unicode_ci;

-- --------------------------------------------------------

--
-- Table structure for table `settings`
--

CREATE TABLE `settings` (
  `id` bigint UNSIGNED NOT NULL,
  `key` varchar(255) COLLATE utf8mb4_unicode_ci NOT NULL,
  `value` json NOT NULL,
  `created_at` timestamp NULL DEFAULT NULL,
  `updated_at` timestamp NULL DEFAULT NULL
) ENGINE=InnoDB DEFAULT CHARSET=utf8mb4 COLLATE=utf8mb4_unicode_ci;

--
-- Dumping data for table `settings`
--

INSERT INTO `settings` (`id`, `key`, `value`, `created_at`, `updated_at`) VALUES
(1, 'general', '{\"site_logo\": null, \"site_name\": \"Logistax News\", \"footer_text\": \"© 2026 Logistax. All rights reserved.\"}', '2026-04-21 20:28:05', '2026-04-21 20:28:05');

-- --------------------------------------------------------

--
-- Table structure for table `tags`
--

CREATE TABLE `tags` (
  `id` bigint UNSIGNED NOT NULL,
  `name` varchar(255) COLLATE utf8mb4_unicode_ci NOT NULL,
  `slug` varchar(255) COLLATE utf8mb4_unicode_ci NOT NULL,
  `created_at` timestamp NULL DEFAULT NULL,
  `updated_at` timestamp NULL DEFAULT NULL
) ENGINE=InnoDB DEFAULT CHARSET=utf8mb4 COLLATE=utf8mb4_unicode_ci;

-- --------------------------------------------------------

--
-- Table structure for table `users`
--

CREATE TABLE `users` (
  `id` bigint UNSIGNED NOT NULL,
  `name` varchar(255) COLLATE utf8mb4_unicode_ci NOT NULL,
  `email` varchar(255) COLLATE utf8mb4_unicode_ci NOT NULL,
  `email_verified_at` timestamp NULL DEFAULT NULL,
  `password` varchar(255) COLLATE utf8mb4_unicode_ci NOT NULL,
  `is_active` tinyint(1) NOT NULL DEFAULT '1',
  `last_login_at` timestamp NULL DEFAULT NULL,
  `remember_token` varchar(100) COLLATE utf8mb4_unicode_ci DEFAULT NULL,
  `created_at` timestamp NULL DEFAULT NULL,
  `updated_at` timestamp NULL DEFAULT NULL
) ENGINE=InnoDB DEFAULT CHARSET=utf8mb4 COLLATE=utf8mb4_unicode_ci;

--
-- Dumping data for table `users`
--

INSERT INTO `users` (`id`, `name`, `email`, `email_verified_at`, `password`, `is_active`, `last_login_at`, `remember_token`, `created_at`, `updated_at`) VALUES
(1, 'Editorial Logistax', 'editorial@logistax.id', NULL, '$2y$12$OrWjGdtlHgN80GgxYoVOauxzdxTwQWN/Spi5BciTNGfM6EiNfIAAq', 1, NULL, NULL, '2026-04-21 20:28:06', '2026-04-21 20:28:06'),
(2, 'Super Admin', 'admin@logistax.id', NULL, '$2y$12$gUqyvBbblENw/6Hkli5bfOrhUusUcVmDDCuqLub5QVAY.NKUTOWH.', 1, NULL, NULL, '2026-04-21 20:28:07', '2026-04-21 20:28:07');

--
-- Indexes for dumped tables
--

--
-- Indexes for table `articles`
--
ALTER TABLE `articles`
  ADD PRIMARY KEY (`id`),
  ADD UNIQUE KEY `articles_uuid_unique` (`uuid`),
  ADD UNIQUE KEY `articles_slug_unique` (`slug`),
  ADD KEY `articles_author_id_foreign` (`author_id`),
  ADD KEY `articles_editor_id_foreign` (`editor_id`),
  ADD KEY `articles_featured_image_id_foreign` (`featured_image_id`),
  ADD KEY `articles_status_publish_at_index` (`status`,`publish_at`),
  ADD KEY `articles_category_id_published_at_index` (`category_id`,`published_at`),
  ADD KEY `articles_content_type_published_at_index` (`content_type`,`published_at`),
  ADD KEY `articles_status_index` (`status`),
  ADD KEY `articles_content_type_index` (`content_type`),
  ADD KEY `articles_publish_at_index` (`publish_at`),
  ADD KEY `articles_published_at_index` (`published_at`);
ALTER TABLE `articles` ADD FULLTEXT KEY `fulltext_articles_search` (`title`,`excerpt`,`body`);

--
-- Indexes for table `article_tag`
--
ALTER TABLE `article_tag`
  ADD PRIMARY KEY (`article_id`,`tag_id`),
  ADD KEY `article_tag_tag_id_foreign` (`tag_id`);

--
-- Indexes for table `article_workflow_logs`
--
ALTER TABLE `article_workflow_logs`
  ADD PRIMARY KEY (`id`),
  ADD KEY `article_workflow_logs_article_id_foreign` (`article_id`),
  ADD KEY `article_workflow_logs_acted_by_foreign` (`acted_by`);

--
-- Indexes for table `audit_logs`
--
ALTER TABLE `audit_logs`
  ADD PRIMARY KEY (`id`),
  ADD KEY `audit_logs_user_id_foreign` (`user_id`);

--
-- Indexes for table `cache`
--
ALTER TABLE `cache`
  ADD PRIMARY KEY (`key`),
  ADD KEY `cache_expiration_index` (`expiration`);

--
-- Indexes for table `cache_locks`
--
ALTER TABLE `cache_locks`
  ADD PRIMARY KEY (`key`),
  ADD KEY `cache_locks_expiration_index` (`expiration`);

--
-- Indexes for table `categories`
--
ALTER TABLE `categories`
  ADD PRIMARY KEY (`id`),
  ADD UNIQUE KEY `categories_slug_unique` (`slug`);

--
-- Indexes for table `media`
--
ALTER TABLE `media`
  ADD PRIMARY KEY (`id`),
  ADD KEY `media_uploaded_by_foreign` (`uploaded_by`);

--
-- Indexes for table `migrations`
--
ALTER TABLE `migrations`
  ADD PRIMARY KEY (`id`);

--
-- Indexes for table `model_has_permissions`
--
ALTER TABLE `model_has_permissions`
  ADD PRIMARY KEY (`permission_id`,`model_id`,`model_type`),
  ADD KEY `model_has_permissions_model_id_model_type_index` (`model_id`,`model_type`);

--
-- Indexes for table `model_has_roles`
--
ALTER TABLE `model_has_roles`
  ADD PRIMARY KEY (`role_id`,`model_id`,`model_type`),
  ADD KEY `model_has_roles_model_id_model_type_index` (`model_id`,`model_type`);

--
-- Indexes for table `pages`
--
ALTER TABLE `pages`
  ADD PRIMARY KEY (`id`),
  ADD UNIQUE KEY `pages_slug_unique` (`slug`);

--
-- Indexes for table `permissions`
--
ALTER TABLE `permissions`
  ADD PRIMARY KEY (`id`),
  ADD UNIQUE KEY `permissions_name_guard_name_unique` (`name`,`guard_name`);

--
-- Indexes for table `roles`
--
ALTER TABLE `roles`
  ADD PRIMARY KEY (`id`),
  ADD UNIQUE KEY `roles_name_guard_name_unique` (`name`,`guard_name`);

--
-- Indexes for table `role_has_permissions`
--
ALTER TABLE `role_has_permissions`
  ADD PRIMARY KEY (`permission_id`,`role_id`),
  ADD KEY `role_has_permissions_role_id_foreign` (`role_id`);

--
-- Indexes for table `sessions`
--
ALTER TABLE `sessions`
  ADD PRIMARY KEY (`id`),
  ADD KEY `sessions_user_id_index` (`user_id`),
  ADD KEY `sessions_last_activity_index` (`last_activity`);

--
-- Indexes for table `settings`
--
ALTER TABLE `settings`
  ADD PRIMARY KEY (`id`),
  ADD UNIQUE KEY `settings_key_unique` (`key`);

--
-- Indexes for table `tags`
--
ALTER TABLE `tags`
  ADD PRIMARY KEY (`id`),
  ADD UNIQUE KEY `tags_slug_unique` (`slug`);

--
-- Indexes for table `users`
--
ALTER TABLE `users`
  ADD PRIMARY KEY (`id`),
  ADD UNIQUE KEY `users_email_unique` (`email`);

--
-- AUTO_INCREMENT for dumped tables
--

--
-- AUTO_INCREMENT for table `articles`
--
ALTER TABLE `articles`
  MODIFY `id` bigint UNSIGNED NOT NULL AUTO_INCREMENT, AUTO_INCREMENT=17;

--
-- AUTO_INCREMENT for table `article_workflow_logs`
--
ALTER TABLE `article_workflow_logs`
  MODIFY `id` bigint UNSIGNED NOT NULL AUTO_INCREMENT;

--
-- AUTO_INCREMENT for table `audit_logs`
--
ALTER TABLE `audit_logs`
  MODIFY `id` bigint UNSIGNED NOT NULL AUTO_INCREMENT;

--
-- AUTO_INCREMENT for table `categories`
--
ALTER TABLE `categories`
  MODIFY `id` bigint UNSIGNED NOT NULL AUTO_INCREMENT, AUTO_INCREMENT=4;

--
-- AUTO_INCREMENT for table `media`
--
ALTER TABLE `media`
  MODIFY `id` bigint UNSIGNED NOT NULL AUTO_INCREMENT;

--
-- AUTO_INCREMENT for table `migrations`
--
ALTER TABLE `migrations`
  MODIFY `id` int UNSIGNED NOT NULL AUTO_INCREMENT, AUTO_INCREMENT=14;

--
-- AUTO_INCREMENT for table `pages`
--
ALTER TABLE `pages`
  MODIFY `id` bigint UNSIGNED NOT NULL AUTO_INCREMENT, AUTO_INCREMENT=5;

--
-- AUTO_INCREMENT for table `permissions`
--
ALTER TABLE `permissions`
  MODIFY `id` bigint UNSIGNED NOT NULL AUTO_INCREMENT, AUTO_INCREMENT=14;

--
-- AUTO_INCREMENT for table `roles`
--
ALTER TABLE `roles`
  MODIFY `id` bigint UNSIGNED NOT NULL AUTO_INCREMENT, AUTO_INCREMENT=4;

--
-- AUTO_INCREMENT for table `settings`
--
ALTER TABLE `settings`
  MODIFY `id` bigint UNSIGNED NOT NULL AUTO_INCREMENT, AUTO_INCREMENT=2;

--
-- AUTO_INCREMENT for table `tags`
--
ALTER TABLE `tags`
  MODIFY `id` bigint UNSIGNED NOT NULL AUTO_INCREMENT;

--
-- AUTO_INCREMENT for table `users`
--
ALTER TABLE `users`
  MODIFY `id` bigint UNSIGNED NOT NULL AUTO_INCREMENT, AUTO_INCREMENT=3;

--
-- Constraints for dumped tables
--

--
-- Constraints for table `articles`
--
ALTER TABLE `articles`
  ADD CONSTRAINT `articles_author_id_foreign` FOREIGN KEY (`author_id`) REFERENCES `users` (`id`),
  ADD CONSTRAINT `articles_category_id_foreign` FOREIGN KEY (`category_id`) REFERENCES `categories` (`id`),
  ADD CONSTRAINT `articles_editor_id_foreign` FOREIGN KEY (`editor_id`) REFERENCES `users` (`id`) ON DELETE SET NULL,
  ADD CONSTRAINT `articles_featured_image_id_foreign` FOREIGN KEY (`featured_image_id`) REFERENCES `media` (`id`) ON DELETE SET NULL;

--
-- Constraints for table `article_tag`
--
ALTER TABLE `article_tag`
  ADD CONSTRAINT `article_tag_article_id_foreign` FOREIGN KEY (`article_id`) REFERENCES `articles` (`id`) ON DELETE CASCADE,
  ADD CONSTRAINT `article_tag_tag_id_foreign` FOREIGN KEY (`tag_id`) REFERENCES `tags` (`id`) ON DELETE CASCADE;

--
-- Constraints for table `article_workflow_logs`
--
ALTER TABLE `article_workflow_logs`
  ADD CONSTRAINT `article_workflow_logs_acted_by_foreign` FOREIGN KEY (`acted_by`) REFERENCES `users` (`id`),
  ADD CONSTRAINT `article_workflow_logs_article_id_foreign` FOREIGN KEY (`article_id`) REFERENCES `articles` (`id`) ON DELETE CASCADE;

--
-- Constraints for table `audit_logs`
--
ALTER TABLE `audit_logs`
  ADD CONSTRAINT `audit_logs_user_id_foreign` FOREIGN KEY (`user_id`) REFERENCES `users` (`id`) ON DELETE SET NULL;

--
-- Constraints for table `media`
--
ALTER TABLE `media`
  ADD CONSTRAINT `media_uploaded_by_foreign` FOREIGN KEY (`uploaded_by`) REFERENCES `users` (`id`) ON DELETE SET NULL;

--
-- Constraints for table `model_has_permissions`
--
ALTER TABLE `model_has_permissions`
  ADD CONSTRAINT `model_has_permissions_permission_id_foreign` FOREIGN KEY (`permission_id`) REFERENCES `permissions` (`id`) ON DELETE CASCADE;

--
-- Constraints for table `model_has_roles`
--
ALTER TABLE `model_has_roles`
  ADD CONSTRAINT `model_has_roles_role_id_foreign` FOREIGN KEY (`role_id`) REFERENCES `roles` (`id`) ON DELETE CASCADE;

--
-- Constraints for table `role_has_permissions`
--
ALTER TABLE `role_has_permissions`
  ADD CONSTRAINT `role_has_permissions_permission_id_foreign` FOREIGN KEY (`permission_id`) REFERENCES `permissions` (`id`) ON DELETE CASCADE,
  ADD CONSTRAINT `role_has_permissions_role_id_foreign` FOREIGN KEY (`role_id`) REFERENCES `roles` (`id`) ON DELETE CASCADE;
COMMIT;

/*!40101 SET CHARACTER_SET_CLIENT=@OLD_CHARACTER_SET_CLIENT */;
/*!40101 SET CHARACTER_SET_RESULTS=@OLD_CHARACTER_SET_RESULTS */;
/*!40101 SET COLLATION_CONNECTION=@OLD_COLLATION_CONNECTION */;
